Name,Primary Zip
Joshua Thomas,43235
Anna Jackson,43081
David White,43123
Barbara Harris,43215
Charles Martin,43202
Mary Thompson,43219
Christopher Garcia,43222
Susan Martinez,43054
Matthew Robinson,43065
Donna Clark,43085
Kevin Lewis,43110
Sarah Young,43068
Brian King,43214
Nancy Lee,43209
Jason Walker,43125
Karen Hall,43205
Daniel Allen,43213
Jessica Scott,43085
Mark Nelson,43016
Amy Harris,43235
George Hill,43110
Sandra Green,43221
Thomas Adams,43068
Angela Baker,43231
Paul Gonzalez,43123
Melissa Rodriguez,43209
Donald Perez,43202
Stephanie Harris,43212
Steven Evans,43206
Rebecca Turner,43221
Kevin Phillips,43109
Laura Campbell,43054
Richard Parker,43215
Cynthia Evans,43213
Thomas Roberts,43201
Rachel Morris,43085
Charles Bell,43230
Linda Cooper,43125
Ryan Wood,43219
Janet Wright,43229
Stephen King,43054
Emily Scott,43065
Elizabeth Torres,43068
Jeffrey Taylor,43110
Joseph Murphy,43081
Catherine Ward,43004
Nicholas Diaz,43235
Stephanie Peterson,43109
Timothy Jenkins,43220
Susan Price,43230
Jonathan Ross,43212
Dorothy Edwards,43231
Christopher Collins,43214
Helen Fisher,43213
Eric Mitchell,43220
Lisa Rivera,43205
Timothy Sanders,43081
Joyce Perez,43085
Matthew Coleman,43202
Betty Washington,43065
Kenneth Gray,43016
Jennifer Peterson,43222
Joshua Long,43231
Sandra Patterson,43085
Robert Sanders,43068
Lisa Hughes,43123
Anthony Butler,43221
Deborah Ramirez,43215
Thomas Bailey,43081
Margaret Reed,43206
James Hall,43219
Linda Adams,43004
Christopher Hill,43235
Karen Collins,43110
Steven Richardson,43085
Michelle Stewart,43214
John Phillips,43125
Shirley Rogers,43213
Mary Bennett,43209
William Jenkins,43201
Deborah Walker,43230
Paul Cooper,43231
Sarah Gonzales,43212
Charles Bryant,43222
Jessica Clark,43219
Kenneth Ward,43054
Patricia Thomas,43065
George Moore,43205
Angela Rivera,43215
Brian Walker,43220
Cynthia Young,43081
Joshua Harris,43206
Amy Harris,43068
Ryan Hall,43235
Deborah Martin,43221
